日付,曜日,9-13時,13-17時,17-21時,date,w,short_date,小計
2020-02-14T08:00:00.000Z,日,,,,2020-02-14,,02/14,173
2020-02-15T08:00:00.000Z,月,,,,2020-02-15,,02/15,199
2020-02-16T08:00:00.000Z,火,,,,2020-02-16,,02/16,130
2020-02-17T08:00:00.000Z,水,,,,2020-02-17,,02/17,288
2020-02-18T08:00:00.000Z,木,,,,2020-02-18,,02/18,276
2020-02-19T08:00:00.000Z,金,,,,2020-02-19,,02/19,318
2020-02-20T08:00:00.000Z,土,,,,2020-02-20,,02/20,350
2020-02-21T08:00:00.000Z,日,,,,2020-02-21,,02/21,440
2020-02-22T08:00:00.000Z,月,,,,2020-02-22,,02/22,352
2020-02-23T08:00:00.000Z,火,,,,2020-02-23,,02/23,377
2020-02-24T08:00:00.000Z,水,,,,2020-02-24,,02/24,588
2020-02-25T08:00:00.000Z,木,,,,2020-02-25,,02/25,587
2020-02-26T08:00:00.000Z,金,,,,2020-02-26,,02/26,608
2020-02-27T08:00:00.000Z,土,,,,2020-02-27,,02/27,560
2020-02-28T08:00:00.000Z,日,,,,2020-02-28,,02/28,625
2020-02-29T08:00:00.000Z,02/29,,,,2020-02-29,,02/29,507
2020-03-01T08:00:00.000Z,月,,,,2020-03-01,,03/01,451
2020-03-02T08:00:00.000Z,火,,,,2020-03-02,,03/02,727
2020-03-03T08:00:00.000Z,水,,,,2020-03-03,,03/03,681
2020-03-04T08:00:00.000Z,木,,,,2020-03-04,,03/04,619
2020-03-05T08:00:00.000Z,金,,,,2020-03-05,,03/05,562
2020-03-06T08:00:00.000Z,土,,,,2020-03-06,,03/06,513
2020-03-07T08:00:00.000Z,日,,,,2020-03-07,,03/07,322
2020-03-08T08:00:00.000Z,月,,,,2020-03-08,,03/08,344
2020-03-09T08:00:00.000Z,火,,,,2020-03-09,,03/09,632
2020-03-10T08:00:00.000Z,水,,,,2020-03-10,,03/10,477
2020-03-11T08:00:00.000Z,木,,,,2020-03-11,,03/11,469
2020-03-12T08:00:00.000Z,金,,,,2020-03-12,,03/12,504
2020-03-13T08:00:00.000Z,土,,,,2020-03-13,,03/13,498
2020-03-14T08:00:00.000Z,日,,,,2020-03-14,,03/14,651
2020-03-15T08:00:00.000Z,月,,,,2020-03-15,,03/15,339
2020-03-16T08:00:00.000Z,火,,,,2020-03-16,,03/16,568
2020-03-17T08:00:00.000Z,水,,,,2020-03-17,,03/17,417
2020-03-18T08:00:00.000Z,木,,,,2020-03-18,,03/18,473
2020-03-19T08:00:00.000Z,金,,,,2020-03-19,,03/19,378
2020-03-20T08:00:00.000Z,土,,,,2020-03-20,,03/20,230
2020-03-21T08:00:00.000Z,日,,,,2020-03-21,,03/21,208
2020-03-22T08:00:00.000Z,月,,,,2020-03-22,,03/22,157
2020-03-23T08:00:00.000Z,火,,,,2020-03-23,,03/23,338
2020-03-24T08:00:00.000Z,水,,,,2020-03-24,,03/24,301
2020-03-25T08:00:00.000Z,木,,,,2020-03-25,,03/25,308
2020-03-26T08:00:00.000Z,金,,,,2020-03-26,,03/26,316
2020-03-27T08:00:00.000Z,土,,,,2020-03-27,,03/27,394
2020-03-28T08:00:00.000Z,日,,,,2020-03-28,,03/28,233
2020-03-29T08:00:00.000Z,月,,,,2020-03-29,,03/29,191
2020-03-30T08:00:00.001Z,火,,,,2020-03-30,,03/30,524
2020-03-31T08:00:00.002Z,水,,,,2020-03-31,,03/31,470
2020-04-01T08:00:00.000Z,木,,,,2020-04-01,,04/01,441
2020-04-02T08:00:00.000Z,金,,,,2020-04-02,,04/02,459
2020-04-03T08:00:00.000Z,土,,,,2020-04-03,,04/03,485
2020-04-04T08:00:00.000Z,日,,,,2020-04-04,,04/04,300
2020-04-05T08:00:00.000Z,月,,,,2020-04-05,,04/05,240
2020-04-06T08:00:00.000Z,火,,,,2020-04-06,,04/06,503
2020-04-07T08:00:00.000Z,水,,,,2020-04-07,,04/07,511
2020-04-08T08:00:00.000Z,木,,,,2020-04-08,,04/08,512
2020-04-09T08:00:00.000Z,金,,,,2020-04-09,,04/09,552
2020-04-10T08:00:00.000Z,土,,,,2020-04-10,,04/10,524
2020-04-11T08:00:00.000Z,日,,,,2020-04-11,,04/11,300
2020-04-12T08:00:00.000Z,月,,,,2020-04-12,,04/12,343
2020-04-13T08:00:00.000Z,火,,,,2020-04-13,,04/13,592
2020-04-14T08:00:00.000Z,水,,,,2020-04-14,,04/14,509
2020-04-15T08:00:00.000Z,木,,,,2020-04-15,,04/15,469
2020-04-16T08:00:00.000Z,金,,,,2020-04-16,,04/16,598
2020-04-17T08:00:00.000Z,土,,,,2020-04-17,,04/17,523
2020-04-18T08:00:00.000Z,日,,,,2020-04-18,,04/18,340
2020-04-19T08:00:00.000Z,月,,,,2020-04-19,,04/19,183
2020-04-20T08:00:00.000Z,火,,,,2020-04-20,,04/20,647
2020-04-21T08:00:00.000Z,水,,,,2020-04-21,,04/21,580
2020-04-22T08:00:00.000Z,木,,,,2020-04-22,,04/22,364
2020-04-23T08:00:00.000Z,金,,,,2020-04-23,,04/23,517
2020-04-24T08:00:00.000Z,土,,,,2020-04-24,,04/24,526
2020-04-25T08:00:00.000Z,日,,,,2020-04-25,,04/25,271
2020-04-26T08:00:00.000Z,月,,,,2020-04-26,,04/26,277
2020-04-27T08:00:00.000Z,火,,,,2020-04-27,,04/27,603
2020-04-28T08:00:00.000Z,水,,,,2020-04-28,,04/28,451
2020-04-29T08:00:00.000Z,木,,,,2020-04-29,,04/29,264
2020-04-30T08:00:00.000Z,金,,,,2020-04-30,,04/30,479
2020-05-01T08:00:00.000Z,土,,,,2020-05-01,,05/01,472
2020-05-02T08:00:00.000Z,日,,,,2020-05-02,,05/02,290
2020-05-03T08:00:00.000Z,月,,,,2020-05-03,,05/03,352
2020-05-04T08:00:00.000Z,火,,,,2020-05-04,,05/04,375
2020-05-05T08:00:00.000Z,水,,,,2020-05-05,,05/05,250
2020-05-06T08:00:00.000Z,木,,,,2020-05-06,,05/06,344
2020-05-07T08:00:00.000Z,金,,,,2020-05-07,,05/07,451
2020-05-08T08:00:00.000Z,土,,,,2020-05-08,,05/08,356
2020-05-09T08:00:00.000Z,日,,,,2020-05-09,,05/09,348
2020-05-10T08:00:00.000Z,月,,,,2020-05-10,,05/10,322
2020-05-11T08:00:00.000Z,火,,,,2020-05-11,,05/11,507
2020-05-12T08:00:00.000Z,水,,,,2020-05-12,,05/12,305
2020-05-13T08:00:00.000Z,木,,,,2020-05-13,,05/13,321
2020-05-14T08:00:00.000Z,金,,,,2020-05-14,,05/14,224
2020-05-15T08:00:00.000Z,土,,,,2020-05-15,,05/15,243
2020-05-16T08:00:00.000Z,日,,,,2020-05-16,,05/16,177
2020-05-17T08:00:00.000Z,月,,,,2020-05-17,,05/17,135
2020-05-18T08:00:00.000Z,火,,,,2020-05-18,,05/18,339
2020-05-19T08:00:00.000Z,水,,,,2020-05-19,,05/19,208
2020-05-20T08:00:00.000Z,木,,,,2020-05-20,,05/20,167
2020-05-21T08:00:00.000Z,金,,,,2020-05-21,,05/21,237
2020-05-22T08:00:00.000Z,土,,,,2020-05-22,,05/22,196
2020-05-23T08:00:00.000Z,日,,,,2020-05-23,,05/23,139
2020-05-24T08:00:00.000Z,月,,,,2020-05-24,,05/24,151
2020-05-25T08:00:00.000Z,火,,,,2020-05-25,,05/25,277
2020-05-26T08:00:00.000Z,水,,,,2020-05-26,,05/26,237
2020-05-27T08:00:00.000Z,木,,,,2020-05-27,,05/27,219
2020-05-28T08:00:00.000Z,金,,,,2020-05-28,,05/28,223
2020-05-29T08:00:00.000Z,土,,,,2020-05-29,,05/29,189
2020-05-30T08:00:00.000Z,日,,,,2020-05-30,,05/30,130
2020-05-31T08:00:00.000Z,月,,,,2020-05-31,,05/31,109
2020-06-01T08:00:00.000Z,火,,,,2020-06-01,,06/01,283
2020-06-02T08:00:00.000Z,水,,,,2020-06-02,,06/02,296
2020-06-03T08:00:00.000Z,木,,,,2020-06-03,,06/03,289
2020-06-04T08:00:00.000Z,金,,,,2020-06-04,,06/04,317
2020-06-05T08:00:00.000Z,土,,,,2020-06-05,,06/05,274
2020-06-06T08:00:00.000Z,日,,,,2020-06-06,,06/06,180
2020-06-07T08:00:00.000Z,月,,,,2020-06-07,,06/07,142
2020-06-08T08:00:00.000Z,火,,,,2020-06-08,,06/08,309
2020-06-09T08:00:00.000Z,水,,,,2020-06-09,,06/09,229
2020-06-10T08:00:00.000Z,木,,,,2020-06-10,,06/10,268
2020-06-11T08:00:00.000Z,金,,,,2020-06-11,,06/11,241
2020-06-12T08:00:00.000Z,土,,,,2020-06-12,,06/12,245
2020-06-13T08:00:00.000Z,日,,,,2020-06-13,,06/13,138
2020-06-14T08:00:00.000Z,月,,,,2020-06-14,,06/14,156
2020-06-15T08:00:00.000Z,火,,,,2020-06-15,,06/15,288
2020-06-16T08:00:00.000Z,水,,,,2020-06-16,,06/16,235
2020-06-17T08:00:00.000Z,木,,,,2020-06-17,,06/17,228
2020-06-18T08:00:00.000Z,金,,,,2020-06-18,,06/18,266
2020-06-19T08:00:00.000Z,土,,,,2020-06-19,,06/19,183
2020-06-20T08:00:00.000Z,日,,,,2020-06-20,,06/20,96
2020-06-21T08:00:00.000Z,月,,,,2020-06-21,,06/21,75
2020-06-22T08:00:00.000Z,火,,,,2020-06-22,,06/22,209
2020-06-23T08:00:00.000Z,水,,,,2020-06-23,,06/23,171
2020-06-24T08:00:00.000Z,木,,,,2020-06-24,,06/24,174
2020-06-25T08:00:00.000Z,金,,,,2020-06-25,,06/25,158
2020-06-26T08:00:00.000Z,土,,,,2020-06-26,,06/26,193
2020-06-27T08:00:00.000Z,日,,,,2020-06-27,,06/27,119
2020-06-28T08:00:00.000Z,月,,,,2020-06-28,,06/28,124
2020-06-29T08:00:00.000Z,火,,,,2020-06-29,,06/29,229
2020-06-30T08:00:00.000Z,水,,,,2020-06-30,,06/30,219
2020-07-01T08:00:00.000Z,木,,,,2020-07-01,,07/01,217
2020-07-02T08:00:00.000Z,金,,,,2020-07-02,,07/02,205
2020-07-03T08:00:00.000Z,土,,,,2020-07-03,,07/03,186
2020-07-04T08:00:00.000Z,日,,,,2020-07-04,,07/04,134
2020-07-05T08:00:00.000Z,月,,,,2020-07-05,,07/05,96
2020-07-06T08:00:00.000Z,火,,,,2020-07-06,,07/06,258
2020-07-07T08:00:00.000Z,水,,,,2020-07-07,,07/07,193
2020-07-08T08:00:00.000Z,木,,,,2020-07-08,,07/08,193
2020-07-09T08:00:00.000Z,金,,,,2020-07-09,,07/09,178
2020-07-10T08:00:00.000Z,土,,,,2020-07-10,,07/10,180
2020-07-11T08:00:00.000Z,日,,,,2020-07-11,,07/11,123
2020-07-12T08:00:00.000Z,月,,,,2020-07-12,,07/12,147
2020-07-13T08:00:00.000Z,火,,,,2020-07-13,,07/13,301
2020-07-14T08:00:00.000Z,水,,,,2020-07-14,,07/14,267
2020-07-15T08:00:00.000Z,木,,,,2020-07-15,,07/15,282
2020-07-16T08:00:00.000Z,金,,,,2020-07-16,,07/16,337
2020-07-17T08:00:00.000Z,土,,,,2020-07-17,,07/17,307
2020-07-18T08:00:00.000Z,日,,,,2020-07-18,,07/18,185
2020-07-19T08:00:00.000Z,月,,,,2020-07-19,,07/19,167
2020-07-20T08:00:00.000Z,火,,,,2020-07-20,,07/20,346
2020-07-21T08:00:00.000Z,水,,,,2020-07-21,,07/21,286
2020-07-22T08:00:00.000Z,木,,,,2020-07-22,,07/22,374
2020-07-23T08:00:00.000Z,金,,,,2020-07-23,,07/23,212
2020-07-24T08:00:00.000Z,土,,,,2020-07-24,,07/24,206
2020-07-25T08:00:00.000Z,日,,,,2020-07-25,,07/25,176
2020-07-26T08:00:00.000Z,月,,,,2020-07-26,,07/26,209
2020-07-27T08:00:00.000Z,火,,,,2020-07-27,,07/27,406
2020-07-28T08:00:00.000Z,水,,,,2020-07-28,,07/28,312
2020-07-29T08:00:00.000Z,木,,,,2020-07-29,,07/29,295
2020-07-30T08:00:00.000Z,金,,,,2020-07-30,,07/30,304
2020-07-31T08:00:00.000Z,土,,,,2020-07-31,,07/31,285
2020-08-01T08:00:00.000Z,日,,,,2020-08-01,,08/01,251
2020-08-02T08:00:00.000Z,月,,,,2020-08-02,,08/02,223
2020-08-03T08:00:00.000Z,火,,,,2020-08-03,,08/03,383
2020-08-04T08:00:00.000Z,水,,,,2020-08-04,,08/04,328
2020-08-05T08:00:00.000Z,木,,,,2020-08-05,,08/05,306
2020-08-06T08:00:00.000Z,金,,,,2020-08-06,,08/06,294
2020-08-07T08:00:00.000Z,土,,,,2020-08-07,,08/07,268
2020-08-08T08:00:00.000Z,日,,,,2020-08-08,,08/08,174
2020-08-09T08:00:00.000Z,月,,,,2020-08-09,,08/09,154
2020-08-10T08:00:00.000Z,火,,,,2020-08-10,,08/10,214
2020-08-11T08:00:00.000Z,水,,,,2020-08-11,,08/11,303
2020-08-12T08:00:00.000Z,木,,,,2020-08-12,,08/12,231
2020-08-13T08:00:00.000Z,金,,,,2020-08-13,,08/13,213
2020-08-14T08:00:00.000Z,土,,,,2020-08-14,,08/14,253
2020-08-15T08:00:00.000Z,日,,,,2020-08-15,,08/15,190
2020-08-16T08:00:00.000Z,月,,,,2020-08-16,,08/16,182
2020-08-17T08:00:00.000Z,火,,,,2020-08-17,,08/17,329
2020-08-18T08:00:00.000Z,水,,,,2020-08-18,,08/18,376
2020-08-19T08:00:00.000Z,木,,,,2020-08-19,,08/19,271
2020-08-20T08:00:00.000Z,金,,,,2020-08-20,,08/20,229
2020-08-21T08:00:00.000Z,土,,,,2020-08-21,,08/21,276
2020-08-22T08:00:00.000Z,日,,,,2020-08-22,,08/22,167
2020-08-23T08:00:00.000Z,月,,,,2020-08-23,,08/23,165
2020-08-24T08:00:00.000Z,火,,,,2020-08-24,,08/24,324
2020-08-25T08:00:00.000Z,水,,,,2020-08-25,,08/25,259
2020-08-26T08:00:00.000Z,木,,,,2020-08-26,,08/26,229
2020-08-27T08:00:00.000Z,金,,,,2020-08-27,,08/27,195
2020-08-28T08:00:00.000Z,土,,,,2020-08-28,,08/28,188
2020-08-29T08:00:00.000Z,日,,,,2020-08-29,,08/29,147
2020-08-30T08:00:00.000Z,月,,,,2020-08-30,,08/30,142
2020-08-31T08:00:00.000Z,火,,,,2020-08-31,,08/31,237
2020-09-01T08:00:00.000Z,水,,,,2020-09-01,,09/01,228
2020-09-02T08:00:00.000Z,木,,,,2020-09-02,,09/02,224
2020-09-03T08:00:00.000Z,金,,,,2020-09-03,,09/03,256
2020-09-04T08:00:00.000Z,土,,,,2020-09-04,,09/04,254
2020-09-05T08:00:00.000Z,日,,,,2020-09-05,,09/05,119
2020-09-06T08:00:00.000Z,月,,,,2020-09-06,,09/06,140
2020-09-07T08:00:00.000Z,火,,,,2020-09-07,,09/07,298
2020-09-08T08:00:00.000Z,水,,,,2020-09-08,,09/08,195
2020-09-09T08:00:00.000Z,木,,,,2020-09-09,,09/09,183
2020-09-10T08:00:00.000Z,金,,,,2020-09-10,,09/10,187
2020-09-11T08:00:00.000Z,土,,,,2020-09-11,,09/11,192
2020-09-12T08:00:00.000Z,日,,,,2020-09-12,,09/12,115
2020-09-13T08:00:00.000Z,月,,,,2020-09-13,,09/13,106
2020-09-14T08:00:00.000Z,火,,,,2020-09-14,,09/14,245
2020-09-15T08:00:00.000Z,水,,,,2020-09-15,,09/15,169
2020-09-16T08:00:00.000Z,木,,,,2020-09-16,,09/16,210
2020-09-17T08:00:00.000Z,金,,,,2020-09-17,,09/17,193
2020-09-18T08:00:00.000Z,土,,,,2020-09-18,,09/18,224
2020-09-19T08:00:00.000Z,日,,,,2020-09-19,,09/19,206
2020-09-20T08:00:00.000Z,月,,,,2020-09-20,,09/20,148
2020-09-21T08:00:00.000Z,火,,,,2020-09-21,,09/21,180
2020-09-22T08:00:00.000Z,水,,,,2020-09-22,,09/22,154
2020-09-23T08:00:00.000Z,木,,,,2020-09-23,,09/23,301
2020-09-24T08:00:00.000Z,金,,,,2020-09-24,,09/24,241
2020-09-25T08:00:00.000Z,土,,,,2020-09-25,,09/25,257
2020-09-26T08:00:00.000Z,日,,,,2020-09-26,,09/26,164
2020-09-27T08:00:00.000Z,月,,,,2020-09-27,,09/27,158
2020-09-28T08:00:00.000Z,火,,,,2020-09-28,,09/28,300
2020-09-29T08:00:00.000Z,水,,,,2020-09-29,,09/29,256
2020-09-30T08:00:00.000Z,木,,,,2020-09-30,,09/30,250
2020-10-01T08:00:00.000Z,金,,,,2020-10-01,,10/01,235
2020-10-02T08:00:00.000Z,土,,,,2020-10-02,,10/02,200
2020-10-03T08:00:00.000Z,日,,,,2020-10-03,,10/03,170
2020-10-04T08:00:00.000Z,月,,,,2020-10-04,,10/04,145
2020-10-05T08:00:00.000Z,火,,,,2020-10-05,,10/05,347
2020-10-06T08:00:00.000Z,水,,,,2020-10-06,,10/06,346
2020-10-07T08:00:00.000Z,木,,,,2020-10-07,,10/07,325
2020-10-08T08:00:00.000Z,金,,,,2020-10-08,,10/08,329
2020-10-09T08:00:00.000Z,土,,,,2020-10-09,,10/09,287
2020-10-10T08:00:00.000Z,日,,,,2020-10-10,,10/10,194
2020-10-11T08:00:00.000Z,月,,,,2020-10-11,,10/11,186
2020-10-12T08:00:00.000Z,火,,,,2020-10-12,,10/12,305
2020-10-13T08:00:00.000Z,水,,,,2020-10-13,,10/13,295
2020-10-14T08:00:00.000Z,木,,,,2020-10-14,,10/14,238
2020-10-15T08:00:00.000Z,金,,,,2020-10-15,,10/15,232
2020-10-16T08:00:00.000Z,土,,,,2020-10-16,,10/16,223
2020-10-17T08:00:00.000Z,日,,,,2020-10-17,,10/17,141
2020-10-18T08:00:00.000Z,月,,,,2020-10-18,,10/18,135
2020-10-19T08:00:00.000Z,火,,,,2020-10-19,,10/19,307
2020-10-20T08:00:00.000Z,水,,,,2020-10-20,,10/20,257
2020-10-21T08:00:00.000Z,木,,,,2020-10-21,,10/21,255
2020-10-22T08:00:00.000Z,金,,,,2020-10-22,,10/22,274
2020-10-23T08:00:00.000Z,土,,,,2020-10-23,,10/23,354
2020-10-24T08:00:00.000Z,日,,,,2020-10-24,,10/24,205
2020-10-25T08:00:00.000Z,月,,,,2020-10-25,,10/25,213
2020-10-26T08:00:00.000Z,火,,,,2020-10-26,,10/26,396
2020-10-27T08:00:00.000Z,水,,,,2020-10-27,,10/27,339
2020-10-28T08:00:00.000Z,木,,,,2020-10-28,,10/28,343
2020-10-29T08:00:00.000Z,金,,,,2020-10-29,,10/29,330
2020-10-30T08:00:00.000Z,土,,,,2020-10-30,,10/30,358
2020-10-31T08:00:00.000Z,日,,,,2020-10-31,,10/31,300
2020-11-01T08:00:00.000Z,月,,,,2020-11-01,,11/01,280
2020-11-02T08:00:00.000Z,火,,,,2020-11-02,,11/02,452
2020-11-03T08:00:00.000Z,水,,,,2020-11-03,,11/03,302
2020-11-04T08:00:00.000Z,木,,,,2020-11-04,,11/04,495
2020-11-05T08:00:00.000Z,金,,,,2020-11-05,,11/05,497
2020-11-06T08:00:00.000Z,土,,,,2020-11-06,,11/06,444
2020-11-07T08:00:00.000Z,日,,,,2020-11-07,,11/07,401
2020-11-08T08:00:00.000Z,月,,,,2020-11-08,,11/08,385
2020-11-09T08:00:00.000Z,火,,,,2020-11-09,,11/09,490
2020-11-10T08:00:00.000Z,水,,,,2020-11-10,,11/10,446
2020-11-11T08:00:00.000Z,木,,,,2020-11-11,,11/11,505
2020-11-12T08:00:00.000Z,金,,,,2020-11-12,,11/12,512
2020-11-13T08:00:00.000Z,土,,,,2020-11-13,,11/13,484
2020-11-14T08:00:00.000Z,日,,,,2020-11-14,,11/14,375
2020-11-15T08:00:00.000Z,月,,,,2020-11-15,,11/15,331
2020-11-16T08:00:00.000Z,火,,,,2020-11-16,,11/16,453
2020-11-17T08:00:00.000Z,水,,,,2020-11-17,,11/17,428
2020-11-18T08:00:00.000Z,木,,,,2020-11-18,,11/18,490
2020-11-19T08:00:00.000Z,金,,,,2020-11-19,,11/19,501
2020-11-20T08:00:00.000Z,土,,,,2020-11-20,,11/20,569
2020-11-21T08:00:00.000Z,日,,,,2020-11-21,,11/21,350
2020-11-22T08:00:00.000Z,月,,,,2020-11-22,,11/22,361
2020-11-23T08:00:00.000Z,火,,,,2020-11-23,,11/23,406
2020-11-24T08:00:00.000Z,水,,,,2020-11-24,,11/24,477
2020-11-25T08:00:00.000Z,木,,,,2020-11-25,,11/25,502
2020-11-26T08:00:00.000Z,金,,,,2020-11-26,,11/26,459
2020-11-27T08:00:00.000Z,土,,,,2020-11-27,,11/27,517
2020-11-28T08:00:00.000Z,日,,,,2020-11-28,,11/28,311
2020-11-29T08:00:00.000Z,月,,,,2020-11-29,,11/29,276
2020-11-30T08:00:00.000Z,火,,,,2020-11-30,,11/30,481
2020-12-01T08:00:00.000Z,水,,,,2020-12-01,,12/01,413
2020-12-02T08:00:00.000Z,木,,,,2020-12-02,,12/02,419
2020-12-03T08:00:00.000Z,金,,,,2020-12-03,,12/03,454
2020-12-04T08:00:00.000Z,土,,,,2020-12-04,,12/04,388
2020-12-05T08:00:00.000Z,日,,,,2020-12-05,,12/05,289
2020-12-06T08:00:00.000Z,月,,,,2020-12-06,,12/06,262
2020-12-07T08:00:00.000Z,火,,,,2020-12-07,,12/07,427
2020-12-08T08:00:00.000Z,水,,,,2020-12-08,,12/08,386
2020-12-09T08:00:00.000Z,木,,,,2020-12-09,,12/09,407
2020-12-10T08:00:00.000Z,金,,,,2020-12-10,,12/10,432
2020-12-11T08:00:00.000Z,土,,,,2020-12-11,,12/11,411
2020-12-12T08:00:00.000Z,日,,,,2020-12-12,,12/12,378
2020-12-13T08:00:00.000Z,月,,,,2020-12-13,,12/13,499
2020-12-14T08:00:00.000Z,火,,,,2020-12-14,,12/14,375
2020-12-15T08:00:00.000Z,水,,,,2020-12-15,,12/15,488
2020-12-16T08:00:00.000Z,木,,,,2020-12-16,,12/16,387
2020-12-17T08:00:00.000Z,金,,,,2020-12-17,,12/17,348
2020-12-18T08:00:00.000Z,土,,,,2020-12-18,,12/18,367
2020-12-19T08:00:00.000Z,日,,,,2020-12-19,,12/19,231
2020-12-20T08:00:00.000Z,月,,,,2020-12-20,,12/20,200
2020-12-21T08:00:00.000Z,火,,,,2020-12-21,,12/21,394
2020-12-22T08:00:00.000Z,水,,,,2020-12-22,,12/22,351
2020-12-23T08:00:00.000Z,木,,,,2020-12-23,,12/23,296
2020-12-24T08:00:00.000Z,金,,,,2020-12-24,,12/24,322
2020-12-25T08:00:00.000Z,土,,,,2020-12-25,,12/25,363
2020-12-26T08:00:00.000Z,日,,,,2020-12-26,,12/26,243
2020-12-27T08:00:00.000Z,月,,,,2020-12-27,,12/27,260
2020-12-28T08:00:00.000Z,火,,,,2020-12-28,,12/28,398
2020-12-29T08:00:00.000Z,水,,,,2020-12-29,,12/29,323
2020-12-30T08:00:00.000Z,木,,,,2020-12-30,,12/30,264
2020-12-31T08:00:00.000Z,金,,,,2020-12-31,,12/31,191
2021-01-01T08:00:00.000Z,金,,,,2021-01-01,,01/01,150
2021-01-02T08:00:00.000Z,土,,,,2021-01-02,,01/02,193
2021-01-03T08:00:00.000Z,日,,,,2021-01-03,,01/03,215
2021-01-04T08:00:00.000Z,月,,,,2021-01-04,,01/04,339
2021-01-05T08:00:00.000Z,火,,,,2021-01-05,,01/05,320
2021-01-06T08:00:00.000Z,水,,,,2021-01-06,,01/06,362
2021-01-07T08:00:00.000Z,木,,,,2021-01-07,,01/07,401
2021-01-08T08:00:00.000Z,金,,,,2021-01-08,,01/08,391
2021-01-09T08:00:00.000Z,土,,,,2021-01-09,,01/09,260
2021-01-10T08:00:00.000Z,日,,,,2021-01-10,,01/10,217
2021-01-11T08:00:00.000Z,月,,,,2021-01-11,,01/11,261
2021-01-12T08:00:00.000Z,火,,,,2021-01-12,,01/12,346
2021-01-13T08:00:00.000Z,水,,,,2021-01-13,,01/13,373
2021-01-14T08:00:00.000Z,木,,,,2021-01-14,,01/14,352
2021-01-15T08:00:00.000Z,金,,,,2021-01-15,,01/15,349
2021-01-16T08:00:00.000Z,土,,,,2021-01-16,,01/16,222
2021-01-17T08:00:00.000Z,日,,,,2021-01-17,,01/17,190
2021-01-18T08:00:00.000Z,月,,,,2021-01-18,,01/18,402
2021-01-19T08:00:00.000Z,火,,,,2021-01-19,,01/19,306
2021-01-20T08:00:00.000Z,水,,,,2021-01-20,,01/20,336
2021-01-21T08:00:00.000Z,木,,,,2021-01-21,,01/21,357
2021-01-22T08:00:00.000Z,金,,,,2021-01-22,,01/22,350
2021-01-23T08:00:00.000Z,土,,,,2021-01-23,,01/23,229
2021-01-24T08:00:00.000Z,日,,,,2021-01-24,,01/24,185
2021-01-25T08:00:00.000Z,月,,,,2021-01-25,,01/25,408
2021-01-26T08:00:00.000Z,火,,,,2021-01-26,,01/26,334
2021-01-27T08:00:00.000Z,水,,,,2021-01-27,,01/27,387
2021-01-28T08:00:00.000Z,木,,,,2021-01-28,,01/28,368
2021-01-29T08:00:00.000Z,金,,,,2021-01-29,,01/29,354
2021-01-30T08:00:00.000Z,土,,,,2021-01-30,,01/30,210
2021-01-31T08:00:00.000Z,日,,,,2021-01-31,,01/31,172
2021-02-01T08:00:00.000Z,月,,,,2021-02-01,,02/01,350
2021-02-02T08:00:00.000Z,火,,,,2021-02-02,,02/02,339
2021-02-03T08:00:00.000Z,水,,,,2021-02-03,,02/03,299
2021-02-04T09:00:00.000Z,木,,,,2021-02-04,,02/04,309
2021-02-05T09:00:00.000Z,金,,,,2021-02-05,,02/05,293
2021-02-06T09:00:00.000Z,土,,,,2021-02-06,,02/06,194
2021-02-07T09:00:00.000Z,日,,,,2021-02-07,,02/07,169
2021-02-08T09:00:00.000Z,月,,,,2021-02-08,,02/08,284
2021-02-09T09:00:00.000Z,火,,,,2021-02-09,,02/09,286
2021-02-10T09:00:00.000Z,水,,,,2021-02-10,,02/10,219
2021-02-11T09:00:00.000Z,木,,,,2021-02-11,,02/11,162
2021-02-12T09:00:00.000Z,金,,,,2021-02-12,,02/12,242
2021-02-13T09:00:00.000Z,土,,,,2021-02-13,,02/13,147
2021-02-14T09:00:00.000Z,日,,,,2021-02-14,,02/14,138
2021-02-15T09:00:00.000Z,月,,,,2021-02-15,,02/15,241
2021-02-16T09:00:00.000Z,火,,,,2021-02-16,,02/16,208
2021-02-17T09:00:00.000Z,水,,,,2021-02-17,,02/17,217
2021-02-18T09:00:00.000Z,木,,,,2021-02-18,,02/18,206
2021-02-19T09:00:00.000Z,金,,,,2021-02-19,,02/19,172
2021-02-20T09:00:00.000Z,土,,,,2021-02-20,,02/20,123
2021-02-21T09:00:00.000Z,日,,,,2021-02-21,,02/21,129
2021-02-22T09:00:00.000Z,月,,,,2021-02-22,,02/22,224
2021-02-23T09:00:00.000Z,火,,,,2021-02-23,,02/23,110
2021-02-24T09:00:00.000Z,水,,,,2021-02-24,,02/24,188
2021-02-25T09:00:00.000Z,木,,,,2021-02-25,,02/25,151
2021-02-26T09:00:00.000Z,金,,,,2021-02-26,,02/26,171
2021-02-27T09:00:00.000Z,土,,,,2021-02-27,,02/27,106
2021-02-28T09:00:00.000Z,日,,,,2021-02-28,,02/28,89
2021-03-01T09:00:00.000Z,月,,,,2021-03-01,,03/01,197
2021-03-02T09:00:00.000Z,火,,,,2021-03-02,,03/02,155
2021-03-03T09:00:00.000Z,水,,,,2021-03-03,,03/03,163
2021-03-04T09:00:00.000Z,木,,,,2021-03-04,,03/04,161
2021-03-05T09:00:00.000Z,金,,,,2021-03-05,,03/05,167
2021-03-06T09:00:00.000Z,土,,,,2021-03-06,,03/06,116
2021-03-07T09:00:00.000Z,日,,,,2021-03-07,,03/07,100
2021-03-08T09:00:00.000Z,月,,,,2021-03-08,,03/08,203