日付,曜日,9-17時,17-翌9時,date,w,short_date,小計
2020-02-07T08:00:00.000Z,金,,,2020-02-07,,02/07,9
2020-02-08T08:00:00.000Z,土,,,2020-02-08,,02/08,14
2020-02-09T08:00:00.000Z,日,,,2020-02-09,,02/09,9
2020-02-10T08:00:00.000Z,月,,,2020-02-10,,02/10,10
2020-02-11T08:00:00.000Z,火,,,2020-02-11,,02/11,6
2020-02-12T08:00:00.000Z,水,,,2020-02-12,,02/12,13
2020-02-13T08:00:00.000Z,木,,,2020-02-13,,02/13,6
2020-02-14T08:00:00.000Z,金,,,2020-02-14,,02/14,68
2020-02-15T08:00:00.000Z,土,,,2020-02-15,,02/15,56
2020-02-16T08:00:00.000Z,日,,,2020-02-16,,02/16,51
2020-02-17T08:00:00.000Z,月,,,2020-02-17,,02/17,113
2020-02-18T08:00:00.000Z,火,,,2020-02-18,,02/18,119
2020-02-19T08:00:00.000Z,水,,,2020-02-19,,02/19,123
2020-02-20T08:00:00.000Z,木,,,2020-02-20,,02/20,197
2020-02-21T08:00:00.000Z,金,,,2020-02-21,,02/21,208
2020-02-22T08:00:00.000Z,土,,,2020-02-22,,02/22,204
2020-02-23T08:00:00.000Z,日,,,2020-02-23,,02/23,196
2020-02-24T08:00:00.000Z,月,,,2020-02-24,,02/24,338
2020-02-25T08:00:00.000Z,火,,,2020-02-25,,02/25,293
2020-02-26T08:00:00.000Z,水,,,2020-02-26,,02/26,299
2020-02-27T08:00:00.000Z,木,,,2020-02-27,,02/27,380
2020-02-28T08:00:00.000Z,金,,,2020-02-28,,02/28,359
2020-02-29T08:00:00.000Z,土,,,2020-02-29,,02/29,302
2020-03-01T08:00:00.000Z,日,,,2020-03-01,,03/01,287
2020-03-02T08:00:00.000Z,月,,,2020-03-02,,03/02,289
2020-03-03T08:00:00.000Z,火,,,2020-03-03,,03/03,317
2020-03-04T08:00:00.000Z,水,,,2020-03-04,,03/04,324
2020-03-05T08:00:00.000Z,木,,,2020-03-05,,03/05,273
2020-03-06T08:00:00.000Z,金,,,2020-03-06,,03/06,231
2020-03-07T08:00:00.000Z,土,,,2020-03-07,,03/07,217
2020-03-08T08:00:00.000Z,日,,,2020-03-08,,03/08,176
2020-03-09T08:00:00.000Z,月,,,2020-03-09,,03/09,255
2020-03-10T08:00:00.000Z,火,,,2020-03-10,,03/10,197
2020-03-11T08:00:00.000Z,水,,,2020-03-11,,03/11,218
2020-03-12T08:00:00.000Z,木,,,2020-03-12,,03/12,172
2020-03-13T08:00:00.000Z,金,,,2020-03-13,,03/13,149
2020-03-14T08:00:00.000Z,土,,,2020-03-14,,03/14,187
2020-03-15T08:00:00.000Z,日,,,2020-03-15,,03/15,155
2020-03-16T08:00:00.000Z,月,,,2020-03-16,,03/16,208
2020-03-17T08:00:00.000Z,火,,,2020-03-17,,03/17,168
2020-03-18T08:00:00.000Z,水,,,2020-03-18,,03/18,146
2020-03-19T08:00:00.000Z,木,,,2020-03-19,,03/19,185
2020-03-20T08:00:00.000Z,金,,,2020-03-20,,03/20,128
2020-03-21T08:00:00.000Z,土,,,2020-03-21,,03/21,157
2020-03-22T08:00:00.000Z,日,,,2020-03-22,,03/22,124
2020-03-23T08:00:00.000Z,月,,,2020-03-23,,03/23,167
2020-03-24T08:00:00.000Z,火,,,2020-03-24,,03/24,156
2020-03-25T08:00:00.000Z,水,,,2020-03-25,,03/25,208
2020-03-26T08:00:00.000Z,木,,,2020-03-26,,03/26,175
2020-03-27T08:00:00.000Z,金,,,2020-03-27,,03/27,208
2020-03-28T08:00:00.000Z,土,,,2020-03-28,,03/28,161
2020-03-29T08:00:00.000Z,日,,,2020-03-29,,03/29,183
2020-03-30T08:00:00.000Z,月,,,2020-03-30,,03/30,342
2020-03-31T08:00:00.000Z,火,,,2020-03-31,,03/31,226
2020-04-01T08:00:00.000Z,水,,,2020-04-01,,04/01,310
2020-04-02T08:00:00.000Z,木,,,2020-04-02,,04/02,307
2020-04-03T08:00:00.000Z,金,,,2020-04-03,,04/03,313
2020-04-04T08:00:00.000Z,土,,,2020-04-04,,04/04,298
2020-04-05T08:00:00.000Z,日,,,2020-04-05,,04/05,265
2020-04-06T08:00:00.000Z,月,,,2020-04-06,,04/06,388
2020-04-07T08:00:00.000Z,火,,,2020-04-07,,04/07,340
2020-04-08T08:00:00.000Z,水,,,2020-04-08,,04/08,284
2020-04-09T08:00:00.000Z,木,,,2020-04-09,,04/09,398
2020-04-10T08:00:00.000Z,金,,,2020-04-10,,04/10,380
2020-04-11T08:00:00.000Z,土,,,2020-04-11,,04/11,317
2020-04-12T08:00:00.000Z,日,,,2020-04-12,,04/12,328
2020-04-13T08:00:00.000Z,月,,,2020-04-13,,04/13,389
2020-04-14T08:00:00.000Z,火,,,2020-04-14,,04/14,359
2020-04-15T08:00:00.000Z,水,,,2020-04-15,,04/15,353
2020-04-16T08:00:00.000Z,木,,,2020-04-16,,04/16,414
2020-04-17T08:00:00.000Z,金,,,2020-04-17,,04/17,362
2020-04-18T08:00:00.000Z,土,,,2020-04-18,,04/18,359
2020-04-19T08:00:00.000Z,日,,,2020-04-19,,04/19,326
2020-04-20T08:00:00.000Z,月,,,2020-04-20,,04/20,380
2020-04-21T08:00:00.000Z,火,,,2020-04-21,,04/21,338
2020-04-22T08:00:00.000Z,水,,,2020-04-22,,04/22,326
2020-04-23T08:00:00.000Z,木,,,2020-04-23,,04/23,396
2020-04-24T08:00:00.000Z,金,,,2020-04-24,,04/24,340
2020-04-25T08:00:00.000Z,土,,,2020-04-25,,04/25,387
2020-04-26T08:00:00.000Z,日,,,2020-04-26,,04/26,349
2020-04-27T08:00:00.000Z,月,,,2020-04-27,,04/27,363
2020-04-28T08:00:00.000Z,火,,,2020-04-28,,04/28,385
2020-04-29T08:00:00.000Z,水,,,2020-04-29,,04/29,321
2020-04-30T08:00:00.000Z,木,,,2020-04-30,,04/30,456
2020-05-01T08:00:00.000Z,金,,,2020-05-01,,05/01,398
2020-05-02T08:00:00.000Z,土,,,2020-05-02,,05/02,353
2020-05-03T08:00:00.000Z,日,,,2020-05-03,,05/03,257
2020-05-04T08:00:00.000Z,月,,,2020-05-04,,05/04,317
2020-05-05T08:00:00.000Z,火,,,2020-05-05,,05/05,346
2020-05-06T08:00:00.000Z,水,,,2020-05-06,,05/06,334
2020-05-07T08:00:00.000Z,木,,,2020-05-07,,05/07,492
2020-05-08T08:00:00.000Z,金,,,2020-05-08,,05/08,384
2020-05-09T08:00:00.000Z,土,,,2020-05-09,,05/09,381
2020-05-10T08:00:00.000Z,日,,,2020-05-10,,05/10,284
2020-05-11T08:00:00.000Z,月,,,2020-05-11,,05/11,410
2020-05-12T08:00:00.000Z,火,,,2020-05-12,,05/12,337
2020-05-13T08:00:00.000Z,水,,,2020-05-13,,05/13,292
2020-05-14T08:00:00.000Z,木,,,2020-05-14,,05/14,343
2020-05-15T08:00:00.000Z,金,,,2020-05-15,,05/15,311
2020-05-16T08:00:00.000Z,土,,,2020-05-16,,05/16,202
2020-05-17T08:00:00.000Z,日,,,2020-05-17,,05/17,160
2020-05-18T08:00:00.000Z,月,,,2020-05-18,,05/18,305
2020-05-19T08:00:00.000Z,火,,,2020-05-19,,05/19,245
2020-05-20T08:00:00.000Z,水,,,2020-05-20,,05/20,236
2020-05-21T08:00:00.000Z,木,,,2020-05-21,,05/21,226
2020-05-22T08:00:00.000Z,金,,,2020-05-22,,05/22,189
2020-05-23T08:00:00.000Z,土,,,2020-05-23,,05/23,144
2020-05-24T08:00:00.000Z,日,,,2020-05-24,,05/24,147
2020-05-25T08:00:00.000Z,月,,,2020-05-25,,05/25,308
2020-05-26T08:00:00.000Z,火,,,2020-05-26,,05/26,237
2020-05-27T08:00:00.000Z,水,,,2020-05-27,,05/27,211
2020-05-28T08:00:00.000Z,木,,,2020-05-28,,05/28,221
2020-05-29T08:00:00.000Z,金,,,2020-05-29,,05/29,222
2020-05-30T08:00:00.000Z,土,,,2020-05-30,,05/30,196
2020-05-31T08:00:00.000Z,日,,,2020-05-31,,05/31,129
2020-06-01T08:00:00.000Z,月,,,2020-06-01,,06/01,346
2020-06-02T08:00:00.000Z,火,,,2020-06-02,,06/02,265
2020-06-03T08:00:00.000Z,水,,,2020-06-03,,06/03,278
2020-06-04T08:00:00.000Z,木,,,2020-06-04,,06/04,266
2020-06-05T08:00:00.000Z,金,,,2020-06-05,,06/05,298
2020-06-06T08:00:00.000Z,土,,,2020-06-06,,06/06,202
2020-06-07T08:00:00.000Z,日,,,2020-06-07,,06/07,152
2020-06-08T08:00:00.000Z,月,,,2020-06-08,,06/08,303
2020-06-09T08:00:00.000Z,火,,,2020-06-09,,06/09,268
2020-06-10T08:00:00.000Z,水,,,2020-06-10,,06/10,272
2020-06-11T08:00:00.000Z,木,,,2020-06-11,,06/11,230
2020-06-12T08:00:00.000Z,金,,,2020-06-12,,06/12,204
2020-06-13T08:00:00.000Z,土,,,2020-06-13,,06/13,188
2020-06-14T08:00:00.000Z,日,,,2020-06-14,,06/14,152
2020-06-15T08:00:00.000Z,月,,,2020-06-15,,06/15,343
2020-06-16T08:00:00.000Z,火,,,2020-06-16,,06/16,252
2020-06-17T08:00:00.000Z,水,,,2020-06-17,,06/17,243
2020-06-18T08:00:00.000Z,木,,,2020-06-18,,06/18,251
2020-06-19T08:00:00.000Z,金,,,2020-06-19,,06/19,197
2020-06-20T08:00:00.000Z,土,,,2020-06-20,,06/20,161
2020-06-21T08:00:00.000Z,日,,,2020-06-21,,06/21,129
2020-06-22T08:00:00.000Z,月,,,2020-06-22,,06/22,300
2020-06-23T08:00:00.000Z,火,,,2020-06-23,,06/23,225
2020-06-24T08:00:00.000Z,水,,,2020-06-24,,06/24,247
2020-06-25T08:00:00.000Z,木,,,2020-06-25,,06/25,230
2020-06-26T08:00:00.000Z,金,,,2020-06-26,,06/26,226
2020-06-27T08:00:00.000Z,土,,,2020-06-27,,06/27,170
2020-06-28T08:00:00.000Z,日,,,2020-06-28,,06/28,148
2020-06-29T08:00:00.000Z,月,,,2020-06-29,,06/29,347
2020-06-30T08:00:00.000Z,火,,,2020-06-30,,06/30,245
2020-07-01T08:00:00.000Z,水,,,2020-07-01,,07/01,269
2020-07-02T08:00:00.000Z,木,,,2020-07-02,,07/02,252
2020-07-03T08:00:00.000Z,金,,,2020-07-03,,07/03,237
2020-07-04T08:00:00.000Z,土,,,2020-07-04,,07/04,150
2020-07-05T08:00:00.000Z,日,,,2020-07-05,,07/05,151
2020-07-06T08:00:00.000Z,月,,,2020-07-06,,07/06,328
2020-07-07T08:00:00.000Z,火,,,2020-07-07,,07/07,217
2020-07-08T08:00:00.000Z,水,,,2020-07-08,,07/08,228
2020-07-09T08:00:00.000Z,木,,,2020-07-09,,07/09,221
2020-07-10T08:00:00.000Z,金,,,2020-07-10,,07/10,254
2020-07-11T08:00:00.000Z,土,,,2020-07-11,,07/11,165
2020-07-12T08:00:00.000Z,日,,,2020-07-12,,07/12,143
2020-07-13T08:00:00.000Z,月,,,2020-07-13,,07/13,358
2020-07-14T08:00:00.000Z,火,,,2020-07-14,,07/14,298
2020-07-15T08:00:00.000Z,水,,,2020-07-15,,07/15,259
2020-07-16T08:00:00.000Z,木,,,2020-07-16,,07/16,304
2020-07-17T08:00:00.000Z,金,,,2020-07-17,,07/17,330
2020-07-18T08:00:00.000Z,土,,,2020-07-18,,07/18,202
2020-07-19T08:00:00.000Z,日,,,2020-07-19,,07/19,179
2020-07-20T08:00:00.000Z,月,,,2020-07-20,,07/20,368
2020-07-21T08:00:00.000Z,火,,,2020-07-21,,07/21,272
2020-07-22T08:00:00.000Z,水,,,2020-07-22,,07/22,396
2020-07-23T08:00:00.000Z,木,,,2020-07-23,,07/23,284
2020-07-24T08:00:00.000Z,金,,,2020-07-24,,07/24,318
2020-07-25T08:00:00.000Z,土,,,2020-07-25,,07/25,320
2020-07-26T08:00:00.000Z,日,,,2020-07-26,,07/26,235
2020-07-27T08:00:00.000Z,月,,,2020-07-27,,07/27,493
2020-07-28T08:00:00.000Z,火,,,2020-07-28,,07/28,407
2020-07-29T08:00:00.000Z,水,,,2020-07-29,,07/29,387
2020-07-30T08:00:00.000Z,木,,,2020-07-30,,07/30,339
2020-07-31T08:00:00.000Z,金,,,2020-07-31,,07/31,328
2020-08-01T08:00:00.000Z,土,,,2020-08-01,,08/01,225
2020-08-02T08:00:00.000Z,日,,,2020-08-02,,08/02,245
2020-08-03T08:00:00.000Z,月,,,2020-08-03,,08/03,418
2020-08-04T08:00:00.000Z,火,,,2020-08-04,,08/04,392
2020-08-05T08:00:00.000Z,水,,,2020-08-05,,08/05,327
2020-08-06T08:00:00.000Z,木,,,2020-08-06,,08/06,348
2020-08-07T08:00:00.000Z,金,,,2020-08-07,,08/07,317
2020-08-08T08:00:00.000Z,土,,,2020-08-08,,08/08,234
2020-08-09T08:00:00.000Z,日,,,2020-08-09,,08/09,235
2020-08-10T08:00:00.000Z,月,,,2020-08-10,,08/10,276
2020-08-11T08:00:00.000Z,火,,,2020-08-11,,08/11,379
2020-08-12T08:00:00.000Z,水,,,2020-08-12,,08/12,335
2020-08-13T08:00:00.000Z,木,,,2020-08-13,,08/13,288
2020-08-14T08:00:00.000Z,金,,,2020-08-14,,08/14,278
2020-08-15T08:00:00.000Z,土,,,2020-08-15,,08/15,234
2020-08-16T08:00:00.000Z,日,,,2020-08-16,,08/16,273
2020-08-17T08:00:00.000Z,月,,,2020-08-17,,08/17,458
2020-08-18T08:00:00.000Z,火,,,2020-08-18,,08/18,355
2020-08-19T08:00:00.000Z,水,,,2020-08-19,,08/19,348
2020-08-20T08:00:00.000Z,木,,,2020-08-20,,08/20,277
2020-08-21T08:00:00.000Z,金,,,2020-08-21,,08/21,305
2020-08-22T08:00:00.000Z,土,,,2020-08-22,,08/22,230
2020-08-23T08:00:00.000Z,日,,,2020-08-23,,08/23,200
2020-08-24T08:00:00.000Z,月,,,2020-08-24,,08/24,395
2020-08-25T08:00:00.000Z,火,,,2020-08-25,,08/25,307
2020-08-26T08:00:00.000Z,水,,,2020-08-26,,08/26,324
2020-08-27T08:00:00.000Z,木,,,2020-08-27,,08/27,307
2020-08-28T08:00:00.000Z,金,,,2020-08-28,,08/28,294
2020-08-29T08:00:00.000Z,土,,,2020-08-29,,08/29,219
2020-08-30T08:00:00.000Z,日,,,2020-08-30,,08/30,185
2020-08-31T08:00:00.000Z,月,,,2020-08-31,,08/31,389
2020-09-01T08:00:00.000Z,火,,,2020-09-01,,09/01,308
2020-09-02T08:00:00.000Z,水,,,2020-09-02,,09/02,296
2020-09-03T08:00:00.000Z,木,,,2020-09-03,,09/03,315
2020-09-04T08:00:00.000Z,金,,,2020-09-04,,09/04,276
2020-09-05T08:00:00.000Z,土,,,2020-09-05,,09/05,189
2020-09-06T08:00:00.000Z,日,,,2020-09-06,,09/06,154
2020-09-07T08:00:00.000Z,月,,,2020-09-07,,09/07,354
2020-09-08T08:00:00.000Z,火,,,2020-09-08,,09/08,256
2020-09-09T08:00:00.000Z,水,,,2020-09-09,,09/09,225
2020-09-10T08:00:00.000Z,木,,,2020-09-10,,09/10,261
2020-09-11T08:00:00.000Z,金,,,2020-09-11,,09/11,242
2020-09-12T08:00:00.000Z,土,,,2020-09-12,,09/12,168
2020-09-13T08:00:00.000Z,日,,,2020-09-13,,09/13,173
2020-09-14T08:00:00.000Z,月,,,2020-09-14,,09/14,305
2020-09-15T08:00:00.000Z,火,,,2020-09-15,,09/15,251
2020-09-16T08:00:00.000Z,水,,,2020-09-16,,09/16,309
2020-09-17T08:00:00.000Z,木,,,2020-09-17,,09/17,258
2020-09-18T08:00:00.000Z,金,,,2020-09-18,,09/18,302
2020-09-19T08:00:00.000Z,土,,,2020-09-19,,09/19,213
2020-09-20T08:00:00.000Z,日,,,2020-09-20,,09/20,196
2020-09-21T08:00:00.000Z,月,,,2020-09-21,,09/21,219
2020-09-22T08:00:00.000Z,火,,,2020-09-22,,09/22,269
2020-09-23T08:00:00.000Z,水,,,2020-09-23,,09/23,437
2020-09-24T08:00:00.000Z,木,,,2020-09-24,,09/24,337
2020-09-25T08:00:00.000Z,金,,,2020-09-25,,09/25,325
2020-09-26T08:00:00.000Z,土,,,2020-09-26,,09/26,262
2020-09-27T08:00:00.000Z,日,,,2020-09-27,,09/27,199
2020-09-28T08:00:00.000Z,月,,,2020-09-28,,09/28,405
2020-09-29T08:00:00.000Z,火,,,2020-09-29,,09/29,360
2020-09-30T08:00:00.000Z,水,,,2020-09-30,,09/30,372
2020-10-01T08:00:00.000Z,木,,,2020-10-01,,10/01,349
2020-10-02T08:00:00.000Z,金,,,2020-10-02,,10/02,361
2020-10-03T08:00:00.000Z,土,,,2020-10-03,,10/03,294
2020-10-04T08:00:00.000Z,日,,,2020-10-04,,10/04,224
2020-10-05T08:00:00.000Z,月,,,2020-10-05,,10/05,519
2020-10-06T08:00:00.000Z,火,,,2020-10-06,,10/06,419
2020-10-07T08:00:00.000Z,水,,,2020-10-07,,10/07,450
2020-10-08T08:00:00.000Z,木,,,2020-10-08,,10/08,429
2020-10-09T08:00:00.000Z,金,,,2020-10-09,,10/09,407
2020-10-10T08:00:00.000Z,土,,,2020-10-10,,10/10,291
2020-10-11T08:00:00.000Z,日,,,2020-10-11,,10/11,230
2020-10-12T08:00:00.000Z,月,,,2020-10-12,,10/12,528
2020-10-13T08:00:00.000Z,火,,,2020-10-13,,10/13,396
2020-10-14T08:00:00.000Z,水,,,2020-10-14,,10/14,380
2020-10-15T08:00:00.000Z,木,,,2020-10-15,,10/15,320
2020-10-16T08:00:00.000Z,金,,,2020-10-16,,10/16,339
2020-10-17T08:00:00.000Z,土,,,2020-10-17,,10/17,263
2020-10-18T08:00:00.000Z,日,,,2020-10-18,,10/18,192
2020-10-19T08:00:00.000Z,月,,,2020-10-19,,10/19,440
2020-10-20T08:00:00.000Z,火,,,2020-10-20,,10/20,413
2020-10-21T08:00:00.000Z,水,,,2020-10-21,,10/21,435
2020-10-22T08:00:00.000Z,木,,,2020-10-22,,10/22,372
2020-10-23T08:00:00.000Z,金,,,2020-10-23,,10/23,421
2020-10-24T08:00:00.000Z,土,,,2020-10-24,,10/24,317
2020-10-25T08:00:00.000Z,日,,,2020-10-25,,10/25,294
2020-10-26T08:00:00.000Z,月,,,2020-10-26,,10/26,534
2020-10-27T08:00:00.000Z,火,,,2020-10-27,,10/27,412
2020-10-28T08:00:00.000Z,水,,,2020-10-28,,10/28,521
2020-10-29T08:00:00.000Z,木,,,2020-10-29,,10/29,526
2020-10-30T08:00:00.000Z,金,,,2020-10-30,,10/30,472
2020-10-31T08:00:00.000Z,土,,,2020-10-31,,10/31,392
2020-11-01T08:00:00.000Z,日,,,2020-11-01,,11/01,344
2020-11-02T08:00:00.000Z,月,,,2020-11-02,,11/02,786
2020-11-03T08:00:00.000Z,火,,,2020-11-03,,11/03,475
2020-11-04T08:00:00.000Z,水,,,2020-11-04,,11/04,842
2020-11-05T08:00:00.000Z,木,,,2020-11-05,,11/05,752
2020-11-06T08:00:00.000Z,金,,,2020-11-06,,11/06,840
2020-11-07T08:00:00.000Z,土,,,2020-11-07,,11/07,664
2020-11-08T08:00:00.000Z,日,,,2020-11-08,,11/08,494
2020-11-09T08:00:00.000Z,月,,,2020-11-09,,11/09,1003
2020-11-10T08:00:00.000Z,火,,,2020-11-10,,11/10,785
2020-11-11T08:00:00.000Z,水,,,2020-11-11,,11/11,825
2020-11-12T08:00:00.000Z,木,,,2020-11-12,,11/12,836
2020-11-13T08:00:00.000Z,金,,,2020-11-13,,11/13,858
2020-11-14T08:00:00.000Z,土,,,2020-11-14,,11/14,600
2020-11-15T08:00:00.000Z,日,,,2020-11-15,,11/15,477
2020-11-16T08:00:00.000Z,月,,,2020-11-16,,11/16,1071
2020-11-17T08:00:00.000Z,火,,,2020-11-17,,11/17,855
2020-11-18T08:00:00.000Z,水,,,2020-11-18,,11/18,936
2020-11-19T08:00:00.000Z,木,,,2020-11-19,,11/19,881
2020-11-20T08:00:00.000Z,金,,,2020-11-20,,11/20,859
2020-11-21T08:00:00.000Z,土,,,2020-11-21,,11/21,613
2020-11-22T08:00:00.000Z,日,,,2020-11-22,,11/22,493
2020-11-23T08:00:00.000Z,月,,,2020-11-23,,11/23,522
2020-11-24T08:00:00.000Z,火,,,2020-11-24,,11/24,1085
2020-11-25T08:00:00.000Z,水,,,2020-11-25,,11/25,723
2020-11-26T08:00:00.000Z,木,,,2020-11-26,,11/26,736
2020-11-27T08:00:00.000Z,金,,,2020-11-27,,11/27,680
2020-11-28T08:00:00.000Z,土,,,2020-11-28,,11/28,491
2020-11-29T08:00:00.000Z,日,,,2020-11-29,,11/29,407
2020-11-30T08:00:00.000Z,月,,,2020-11-30,,11/30,845
2020-12-01T08:00:00.000Z,火,,,2020-12-01,,12/01,628
2020-12-02T08:00:00.000Z,水,,,2020-12-02,,12/02,671
2020-12-03T08:00:00.000Z,木,,,2020-12-03,,12/03,641
2020-12-04T08:00:00.000Z,金,,,2020-12-04,,12/04,585
2020-12-05T08:00:00.000Z,土,,,2020-12-05,,12/05,505
2020-12-06T08:00:00.000Z,日,,,2020-12-06,,12/06,390
2020-12-07T08:00:00.000Z,月,,,2020-12-07,,12/07,811
2020-12-08T08:00:00.000Z,火,,,2020-12-08,,12/08,635
2020-12-09T08:00:00.000Z,水,,,2020-12-09,,12/09,596
2020-12-10T08:00:00.000Z,木,,,2020-12-10,,12/10,597
2020-12-11T08:00:00.000Z,金,,,2020-12-11,,12/11,615
2020-12-12T08:00:00.000Z,土,,,2020-12-12,,12/12,485
2020-12-13T08:00:00.000Z,日,,,2020-12-13,,12/13,399
2020-12-14T08:00:00.000Z,月,,,2020-12-14,,12/14,810
2020-12-15T08:00:00.000Z,火,,,2020-12-15,,12/15,596
2020-12-16T08:00:00.000Z,水,,,2020-12-16,,12/16,569
2020-12-17T08:00:00.000Z,木,,,2020-12-17,,12/17,550
2020-12-18T08:00:00.000Z,金,,,2020-12-18,,12/18,583
2020-12-19T08:00:00.000Z,土,,,2020-12-19,,12/19,382
2020-12-20T08:00:00.000Z,日,,,2020-12-20,,12/20,357
2020-12-21T08:00:00.000Z,月,,,2020-12-21,,12/21,761
2020-12-22T08:00:00.000Z,火,,,2020-12-22,,12/22,621
2020-12-23T08:00:00.000Z,水,,,2020-12-23,,12/23,646
2020-12-24T08:00:00.000Z,木,,,2020-12-24,,12/24,534
2020-12-25T08:00:00.000Z,金,,,2020-12-25,,12/25,591
2020-12-26T08:00:00.000Z,土,,,2020-12-26,,12/26,402
2020-12-27T08:00:00.000Z,日,,,2020-12-27,,12/27,397
2020-12-28T08:00:00.000Z,月,,,2020-12-28,,12/28,756
2020-12-29T08:00:00.000Z,火,,,2020-12-29,,12/29,607
2020-12-30T08:00:00.000Z,水,,,2020-12-30,,12/30,590
2020-12-31T08:00:00.000Z,木,,,2020-12-31,,12/31,480
2021-01-01T08:00:00.000Z,金,,,2021-01-01,,01/01,458
2021-01-02T08:00:00.000Z,土,,,2021-01-02,,01/02,522
2021-01-03T08:00:00.000Z,日,,,2021-01-03,,01/03,524
2021-01-04T08:00:00.000Z,月,,,2021-01-04,,01/04,950
2021-01-05T08:00:00.000Z,火,,,2021-01-05,,01/05,721
2021-01-06T08:00:00.000Z,水,,,2021-01-06,,01/06,682
2021-01-07T08:00:00.000Z,木,,,2021-01-07,,01/07,713
2021-01-08T08:00:00.000Z,金,,,2021-01-08,,01/08,584
2021-01-09T08:00:00.000Z,土,,,2021-01-09,,01/09,493
2021-01-10T08:00:00.000Z,日,,,2021-01-10,,01/10,433
2021-01-11T08:00:00.000Z,月,,,2021-01-11,,01/11,429
2021-01-12T08:00:00.000Z,火,,,2021-01-12,,01/12,806
2021-01-13T08:00:00.000Z,水,,,2021-01-13,,01/13,588
2021-01-14T08:00:00.000Z,木,,,2021-01-14,,01/14,542
2021-01-15T08:00:00.000Z,金,,,2021-01-15,,01/15,545
2021-01-16T08:00:00.000Z,土,,,2021-01-16,,01/16,403
2021-01-17T08:00:00.000Z,日,,,2021-01-17,,01/17,363
2021-01-18T08:00:00.000Z,月,,,2021-01-18,,01/18,709
2021-01-19T08:00:00.000Z,火,,,2021-01-19,,01/19,500
2021-01-20T08:00:00.000Z,水,,,2021-01-20,,01/20,553
2021-01-21T08:00:00.000Z,木,,,2021-01-21,,01/21,545
2021-01-22T08:00:00.000Z,金,,,2021-01-22,,01/22,584
2021-01-23T08:00:00.000Z,土,,,2021-01-23,,01/23,423
2021-01-24T08:00:00.000Z,日,,,2021-01-24,,01/24,321
2021-01-25T08:00:00.000Z,月,,,2021-01-25,,01/25,693
2021-01-26T08:00:00.000Z,火,,,2021-01-26,,01/26,514
2021-01-27T08:00:00.000Z,水,,,2021-01-27,,01/27,551
2021-01-28T08:00:00.000Z,木,,,2021-01-28,,01/28,497
2021-01-29T08:00:00.000Z,金,,,2021-01-29,,01/29,546
2021-01-30T08:00:00.000Z,土,,,2021-01-30,,01/30,410
2021-01-31T08:00:00.000Z,日,,,2021-01-31,,01/31,355
2021-02-01T08:00:00.000Z,月,,,2021-02-01,,02/01,698
2021-02-02T08:00:00.000Z,火,,,2021-02-02,,02/02,580
2021-02-03T08:00:00.000Z,水,,,2021-02-03,,02/03,439
2021-02-04T08:00:00.000Z,木,,,2021-02-04,,02/04,528
2021-02-05T08:00:00.000Z,金,,,2021-02-05,,02/05,498
2021-02-06T08:00:00.000Z,土,,,2021-02-06,,02/06,392
2021-02-07T08:00:00.000Z,日,,,2021-02-07,,02/07,343
2021-02-08T08:00:00.000Z,月,,,2021-02-08,,02/08,619
2021-02-09T08:00:00.000Z,火,,,2021-02-09,,02/09,499
2021-02-10T08:00:00.000Z,水,,,2021-02-10,,02/10,475
2021-02-11T08:00:00.000Z,木,,,2021-02-11,,02/11,342
2021-02-12T08:00:00.000Z,金,,,2021-02-12,,02/12,581
2021-02-13T08:00:00.000Z,土,,,2021-02-13,,02/13,324
2021-02-14T08:00:00.000Z,日,,,2021-02-14,,02/14,314
2021-02-15T08:00:00.000Z,月,,,2021-02-15,,02/15,601
2021-02-16T08:00:00.000Z,火,,,2021-02-16,,02/16,450
2021-02-17T08:00:00.000Z,水,,,2021-02-17,,02/17,429
2021-02-18T08:00:00.000Z,木,,,2021-02-18,,02/18,413
2021-02-19T08:00:00.000Z,金,,,2021-02-19,,02/19,401
2021-02-20T08:00:00.000Z,土,,,2021-02-20,,02/20,308
2021-02-21T08:00:00.000Z,日,,,2021-02-21,,02/21,287
2021-02-22T08:00:00.000Z,月,,,2021-02-22,,02/22,564
2021-02-23T08:00:00.000Z,火,,,2021-02-23,,02/23,303
2021-02-24T08:00:00.000Z,水,,,2021-02-24,,02/24,492
2021-02-25T08:00:00.000Z,木,,,2021-02-25,,02/25,388
2021-02-26T08:00:00.000Z,金,,,2021-02-26,,02/26,379
2021-02-27T08:00:00.000Z,土,,,2021-02-27,,02/27,279
2021-02-28T08:00:00.000Z,日,,,2021-02-28,,02/28,285
2021-03-01T09:00:00.000Z,月,,,2021-03-01,,03/01,500
2021-03-02T09:00:00.000Z,火,,,2021-03-02,,03/02,401
2021-03-03T09:00:00.000Z,水,,,2021-03-03,,03/03,385
2021-03-04T09:00:00.000Z,木,,,2021-03-04,,03/04,333
2021-03-05T09:00:00.000Z,金,,,2021-03-05,,03/05,381
2021-03-06T09:00:00.000Z,土,,,2021-03-06,,03/06,261
2021-03-07T09:00:00.000Z,日,,,2021-03-07,,03/07,247
2021-03-08T09:00:00.000Z,月,,,2021-03-08,,03/08,491
2021-03-09T09:00:00.000Z,火,,,2021-03-09,,03/09,372
2021-03-10T09:00:00.000Z,水,,,2021-03-10,,03/10,322
2021-03-11T09:00:00.000Z,木,,,2021-03-11,,03/11,343
2021-03-12T09:00:00.000Z,金,,,2021-03-12,,03/12,391
2021-03-13T09:00:00.000Z,土,,,2021-03-13,,03/13,279
2021-03-14T09:00:00.000Z,日,,,2021-03-14,,03/14,272
2021-03-15T09:00:00.000Z,月,,,2021-03-15,,03/15,482
2021-03-16T09:00:00.000Z,火,,,2021-03-16,,03/16,389
2021-03-17T09:00:00.000Z,水,,,2021-03-17,,03/17,375
2021-03-18T09:00:00.000Z,木,,,2021-03-18,,03/18,404
2021-03-19T09:00:00.000Z,金,,,2021-03-19,,03/19,396
2021-03-20T09:00:00.000Z,土,,,2021-03-20,,03/20,302
2021-03-21T09:00:00.000Z,日,,,2021-03-21,,03/21,298
2021-03-22T09:00:00.000Z,月,,,2021-03-22,,03/22,524
2021-03-23T09:00:00.000Z,火,,,2021-03-23,,03/23,485
2021-03-24T09:00:00.000Z,水,,,2021-03-24,,03/24,383
2021-03-25T09:00:00.000Z,木,,,2021-03-25,,03/25,403
2021-03-26T09:00:00.000Z,金,,,2021-03-26,,03/26,385
2021-03-27T09:00:00.000Z,土,,,2021-03-27,,03/27,271
2021-03-28T09:00:00.000Z,日,,,2021-03-28,,03/28,274
